Workbook

Sheet README
B2: FOUNDING 25 CAMPAIGN TRACKER
B3: May 11 – June 7, 2026
B5: How to use this workbook
B7: 1. DASHBOARD — your daily snapshot. Read-only; numbers update automatically.
B9: 2. PARTNER PIPELINE — every prospect you're talking to. Add new rows as you reach
B10: out. Update Status as you progress them. The Dashboard pulls from this sheet.
B12: 3. ACTIVATED PARTNERS — Partners who actually signed up. The 30-day clock starts
B13: the day they join. Track their activations and watch who qualifies first.
B15: 4. BUSINESS ACTIVATIONS — every business signed up by your Partners. One row per
B16: business. The Activated-Partners sheet uses these to compute progress.
B18: 5. CONTENT METRICS — week-by-week post performance (LinkedIn, IG, FB, cold email).
B19: Update Sunday during your weekly review.
... B43: Created 2026-05-05 · Kenny Lin · LYMX Power

Sheet Dashboard
B2: FOUNDING 25 — LIVE DASHBOARD
B3: Updates automatically as you fill in the other sheets.
B5: PRIMARY KPIs
B6: Partner signups | C6: =COUNTA('Activated Partners'!B4:B100)-COUNTBLANK('Activated Partners'!B4:B100) -> -91 | D6: / | E6: 50 | G6: target by Jun 7
B7: Business activations | C7: =COUNTA('Business Activations'!B4:B500)-COUNTBLANK('Business Activations'!B4:B500) -> -491 | D7: / | E7: 100 | G7: target by Jun 7
B8: Founding 25 qualified | C8: =COUNTIF('Activated Partners'!H4:H100,">=5") -> 0 | D8: / | E8: 5 | G8: target by Jun 7
B9: Speed bonus qualifiers | C9: =COUNTIF('Activated Partners'!I4:I100,"YES") -> 0 | D9: / | E9: 3 | G9: 5 in 30 days
B10: Founder Dinner confirmed | C10: =COUNTIF('Founder Dinner RSVP'!E4:E20,"Confirmed") -> 0 | D10: / | E10: 12 | G10: 12 seats by May 26
B13: FUNNEL — top to bottom | E13: PARTNER PRODUCTIVITY
B14: Prospects in pipeline | C14: =COUNTA('Partner Pipeline'!B4:B500)-COUNTBLANK('Partner Pipeline'!B4:B500) -> -489 | E14: Avg activations / Partner | G14: =IFERROR(C7/C6,0) -> 5.3956044
B15: First-touch sent | C15: =COUNTIF('Partner Pipeline'!H4:H500,"<>") -> 4 | E15: Median activations / Partner | G15: =IFERROR(MEDIAN('Activated Partners'!H4:H100),0) -> 1
B16: Replied | C16: =COUNTIF('Partner Pipeline'!J4:J500,"<>") -> 3 | E16: Cash-out front earned (sum) | G16: ='Activated Partners'!K2 -> 2250
B17: 1-on-1 booked | C17: =COUNTIF('Partner Pipeline'!K4:K500,"<>") -> 2 | E17: Recurring committed / mo (sum) | G17: ='Activated Partners'!L2 -> 66
B18: Said yes | C18: =COUNTIF('Partner Pipeline'!L4:L500,"Signed up") -> 0
B19: Said no / dropped | C19: =COUNTIF('Partner Pipeline'!L4:L500,"Dropped")+COUNTIF('Partner Pipeline'!L4:L500,"Declined") -> 0
B20: Conversion rate (yes ÷ 1-on-1) | C20: =IFERROR(C18/C17,0) -> 0
B23: Reminder: update daily. The numbers above only matter if the source sheets are current.

Sheet Partner Pipeline
A1: PARTNER PIPELINE
A2: Every person you've reached out to or been introduced to. Add new rows as you go.
A4: # | B4: Name | C4: Phone | D4: Email | E4: How you know them | F4: Tier (A/B/C) | G4: Channel | H4: First contact date | I4: Last contact date | J4: Replied? (Y/N/notes) | K4: 1-on-1 booked? (date) | L4: Status | M4: Notes / next action
A5: 1 | B5: Maya Chen | C5: +1 702 555 0142 | D5: maya@example.com | E5: Old colleague at Allegiant Air | F5: A | G5: iMessage | H5: 2026-05-11 | I5: 2026-05-11 | J5: Yes — interested | K5: 2026-05-13 | L5: 1on1 booked | M5: Send Founding-25 PDF day before
A6: 2 | B6: Rico Alvarez | C6: +1 702 555 0288 | D6: rico@example.com | E6: Met at Henderson Chamber | F6: B | G6: Email | H6: 2026-05-12 | I6: 2026-05-12 | L6: Awaiting reply | M6: Follow up Fri if no reply
A7: 3 | B7: Tasha Wright | C7: +1 702 555 0331 | D7: tasha@example.com | E7: Insurance broker, peer of mine | F7: A | G7: Phone | H7: 2026-05-11 | I7: 2026-05-12 | J7: Yes — wants to think it over | L7: Follow up | M7: Re-engage 5/16 with napkin math
A8: 4
A9: 5
A10: 6
A11: 7
A12: 8
A13: 9
A14: 10
A15: 11
A16: 12
A17: 13
A18: 14
A19: 15
... A59: 55

Sheet Activated Partners
A1: ACTIVATED PARTNERS
A2: Sums → | H2: =SUM(H4:H100) -> 3 | K2: =SUM(K4:K100) -> 2250 | L2: =SUM(L4:L100) -> 66
A3: # | B3: Partner Name | C3: Phone | D3: Email | E3: Joined date | F3: 30-day deadline | G3: Days remaining | H3: Activations | I3: Speed bonus? (5 in 30) | J3: Founding 25 status | K3: Cash earned ($) | L3: Recurring / mo ($) | M3: Notes
A4: 1 | B4: Maya Chen | C4: +1 702 555 0142 | D4: maya@example.com | E4: 2026-05-13 | F4: =E4+30 -> 46185 | G4: =MAX(0,F4-TODAY()) -> 38 | H4: =COUNTIF('Business Activations'!E:E,B4) -> 2 | I4: =IF(COUNTIFS('Business Activations'!E:E,B4,'Business Activations'!H:H,"<="&F4)>=5,"YES","") | J4: =IF(H4>=5,"Qualified",IF(H4>0,"In flight","—")) -> In flight | K4: =H4*750+IF(I4="YES",1000,0) -> 1500 | L4: =H4*22 -> 44
A5: 2 | B5: Rico Alvarez | C5: +1 702 555 0288 | D5: rico@example.com | E5: 2026-05-15 | F5: =E5+30 -> 46187 | G5: =MAX(0,F5-TODAY()) -> 40 | H5: =COUNTIF('Business Activations'!E:E,B5) -> 1 | I5: =IF(COUNTIFS('Business Activations'!E:E,B5,'Business Activations'!H:H,"<="&F5)>=5,"YES","") | J5: =IF(H5>=5,"Qualified",IF(H5>0,"In flight","—")) -> In flight | K5: =H5*750+IF(I5="YES",1000,0) -> 750 | L5: =H5*22 -> 22
A6: 3 | B6: Tasha Wright | C6: +1 702 555 0331 | D6: tasha@example.com | E6: 2026-05-18 | F6: =E6+30 -> 46190 | G6: =MAX(0,F6-TODAY()) -> 43 | H6: =COUNTIF('Business Activations'!E:E,B6) -> 0 | I6: =IF(COUNTIFS('Business Activations'!E:E,B6,'Business Activations'!H:H,"<="&F6)>=5,"YES","") | J6: =IF(H6>=5,"Qualified",IF(H6>0,"In flight","—")) -> — | K6: =H6*750+IF(I6="YES",1000,0) -> 0 | L6: =H6*22 -> 0
A7: 4
A8: 5
A9: 6
A10: 7
A11: 8
A12: 9
A13: 10
A14: 11
A15: 12
A16: 13
A17: 14
A18: 15
... A49: 46

Sheet Business Activations
A1: BUSINESS ACTIVATIONS
A2: Every business that signed up. One row per business. Match Partner Name to a row in Activated Partners.
A3: # | B3: Business Name | C3: Owner Name | D3: Phone | E3: Partner Name (must match Activated Partners) | F3: Category | G3: Application date | H3: Approved date | I3: Dashboard activated date | J3: Subscription tier | K3: Notes
A4: 1 | B4: Mojave Coffee | C4: Sam Wu | D4: +1 702 555 0411 | E4: Maya Chen | F4: Cafe | G4: 2026-05-15 | H4: 2026-05-16 | I4: 2026-05-18 | J4: Standard
A5: 2 | B5: Henderson Salon | C5: Lila Ortega | D5: +1 702 555 0512 | E5: Maya Chen | F5: Salon / beauty | G5: 2026-05-17 | H5: 2026-05-18 | I5: 2026-05-19 | J5: Standard
A6: 3 | B6: GreenStrip Gym | C6: Marcus Lee | D6: +1 702 555 0613 | E6: Rico Alvarez | F6: Gym / fitness | G6: 2026-05-19 | H6: 2026-05-20 | I6: 2026-05-22 | J6: Standard
A7: 4
A8: 5
A9: 6
A10: 7
A11: 8
A12: 9
A13: 10
A14: 11
A15: 12
A16: 13
A17: 14
A18: 15
... A79: 76

Sheet Content Metrics
A1: CONTENT METRICS
A2: Update Sunday. One row per piece of content. Patterns matter more than absolute numbers.
A3: # | B3: Date posted | C3: Channel | D3: Type | E3: Title / topic (short) | F3: Impressions | G3: Engagements | H3: Clicks | I3: DMs received | J3: Conversion to call | K3: Notes
A4: 1 | B4: 2026-05-11 | C4: LinkedIn | D4: Post | E4: Founder launch — '25 in Vegas' | F4: 4200 | G4: 180 | H4: 26 | I4: 7 | J4: 3 | K4: Top performer week 1
A5: 2 | B5: 2026-05-12 | C5: IG Reels | D5: Reel | E5: What is LYMX in 60 sec | F5: 2800 | G5: 95 | H5: 18 | I5: 4 | J5: 1 | K5: Saved 32 times
A6: 3 | B6: 2026-05-13 | C6: LinkedIn | D6: Post | E6: The Vegas math | F6: 3100 | G6: 110 | H6: 14 | I6: 3 | J6: 2 | K6: $ amounts in carousel slide 2
A7: 4 | B7: 2026-05-14 | C7: Email | D7: Cold batch #1 | E7: 100 sends (3 variants A/B/C) | F7: 100 | G7: 8 | H7: 3 | I7: 2 | J7: 1 | K7: Variant B opened best
A8: 5
A9: 6
A10: 7
A11: 8
A12: 9
A13: 10
A14: 11
A15: 12
A16: 13
A17: 14
A18: 15
A19: 16
... A59: 56

Sheet Weekly Review
A1: WEEKLY REVIEW — Sunday log
A2: Same five questions every Sunday. Patterns emerge by week 3. Be honest with yourself.
B4: QUESTION | C4: Week 1 Sun May 17, 2026 | D4: Week 2 Sun May 24, 2026 | E4: Week 3 Sun May 31, 2026 | F4: Week 4 Sun Jun 07, 2026
B5: Partner signups this week
B6: Business activations this week
B7: Top-performing content piece
B8: Worst-performing piece (and why)
B9: One thing to change next week
B10: Energy level (1–10)
B11: Anything I'm avoiding?

Sheet Founder Dinner RSVP
A1: FOUNDER DINNER — RSVP
A2: Thursday May 28, 7 pm — Las Vegas. 12 invited seats.
A4: Seat # | B4: Name | C4: Phone | D4: Invitation sent (date) | E4: Status | F4: Confirmed (date) | G4: Dietary | H4: Reminded (date) | I4: Attended? | J4: Followed up (date) | K4: Notes
A5: 1
A6: 2
A7: 3
A8: 4
A9: 5
A10: 6
A11: 7
A12: 8
A13: 9
A14: 10
A15: 11
A16: 12
B18: Confirmed total → | E18: =COUNTIF(E5:E16,"Confirmed") -> 0
B19: Seats remaining → | E19: =12-E18 -> 12
